{"minzoom":0,"maxzoom":9,"center":[69.257813,34.596537,9.0],"bounds":[60.472084,29.377064,74.88945,38.490791]}