{"minzoom":0,"maxzoom":8,"center":[69.609375,34.883907,8.0],"bounds":[60.472084,29.377064,74.88945,38.490791]}