{"minzoom":0,"maxzoom":10,"center":[66.621094,36.738755,10.0],"bounds":[60.472084,29.377064,74.88945,38.490791]}